id,first_name,last_name,car_model,car_year,city
1,Kristoffer,Rudgard,1500 Club Coupe,1995,Zinder
2,Nathanil,Golthorpp,Edge,2008,Eskifjörður
3,Anica,Gordon-Giles,M6,2009,Saint-Denis
4,Deane,Gathercoal,Scirocco,1985,Gävle
5,Hanna,Pendrich,Caravan,2003,Huasahuasi
6,Maighdiln,Adanez,Ram Van 3500,2000,Huangzhawan
7,Jacklyn,Haug,9-5,2006,Jastrowie
8,Ned,Uman,525,2002,Coronel Belisle
9,Marja,Andrasch,Canyon,2007,Sandaogou
10,Mercie,Schumacher,Compass,2011,Wangqu
11,Izaak,Grunguer,Maxima,1995,Tanqiao
12,Antin,Kuhndel,GranSport,2006,Xingfu
13,April,Kringe,Tiburon,2007,Xiadian
14,Ashely,Dowd,Continental Flying Spur,2007,Salfīt
15,Giffy,Pull,Sequoia,2005,Tengqiao
16,Sidonia,Ribou,FCX Clarity,2012,Larochette
17,Dona,Mapston,S-Class,1984,Chateaubelair
18,Fina,Wield,A3,2009,Colatina
19,Gracia,Keiling,Metro,1992,Vyborg
20,Conney,Whal,Econoline E150,2000,Capitán Bermúdez
21,Michaella,Meale,Aerostar,1993,Shizong
22,Deva,Abbess,Diamante,2004,Tekstil’shchiki
23,Margalit,Cairns,Topaz,1992,Baratan
24,Barn,Setterthwait,Camaro,2000,Oranmore
25,Rodolph,Simmonds,Neon,2004,Duanjia
26,Darla,Biaggelli,SL-Class,2003,Teculután
27,Genna,Guiton,Grand Marquis,1988,Vis
28,Calv,Darycott,Fortwo,2012,Guangyuan
29,Sophi,Wurst,612 Scaglietti,2010,Sonorejo
30,Lorene,Tumulty,GTO,1965,Luowan
31,Philippa,Dreghorn,Intrepid,2001,Orlândia
32,Britney,Danilyak,Insight,2001,Buyun
33,Temp,Harme,Esperante,2007,Jianggao
34,Sabine,Minget,GTI,2005,Bicos
35,Tabbitha,Dulake,Pajero,1992,Leye
36,Ingamar,Martensen,SL-Class,1998,Altunemil
37,Annabal,Mayell,MPV,2001,Hoxtolgay
38,Galen,Denys,Regency,1997,Vista Hermosa
39,Marilin,Scottesmoor,LeSabre,2001,Hanjiaji
40,Isaiah,Somers,E-Class,2006,Arrifes
41,Harriett,Seer,5 Series,2009,København
42,Angelina,Jeannot,Aviator,2003,Angasmarca
43,Allison,McGowing,Colorado,2004,Pailin
44,Catarina,Endrizzi,Ram Van 3500,2001,Pinglin
45,Kevin,Lau,S-Series,1997,20 de Noviembre
46,Brant,Kullmann,Legend,1990,Krasnaya Poyma
47,Rayshell,Chippindall,Grand Voyager,1997,Bebedouro
48,Randell,Foord,57,2005,Laborde
49,Kimbra,Spatari,Quest,2012,Cikiwul Satu
50,Tim,Dartnall,Genesis,2010,Bačka Topola
51,Bryant,Balthasar,626,2001,Heqian
52,Darda,Raspin,Galant,1984,Sanshan
53,Eugenius,Anstis,7 Series,1993,Angered
54,Rivalee,Blything,98,1992,Kirovohrad
55,Jeane,Backhouse,9-5,2006,Greenville
56,Loretta,O'Luney,Cabriolet,1995,Kumlinge
57,Der,Habishaw,Thunderbird,1993,Balky
58,Artemas,Boatright,Roadmaster,1996,Firavitoba
59,Eleni,Lazell,Samurai,1994,Dadapan
60,Pasquale,Ghirigori,Grand Cherokee,2002,Copán
61,Frankie,Tatchell,928,1990,Taoyuan
62,Giuditta,Grimoldby,Jimmy,1997,Bil‘īn
63,Brewster,Coushe,Summit,1993,Richmond
64,Gayler,Oolahan,Land Cruiser,2005,Kolor
65,Ring,Medwell,XJ Series,1993,Kawanoechō
66,Joel,Creber,Grand Cherokee,2012,Lebyazh’ye
67,Shalom,Glanert,929,1990,Cortes
68,Jared,Scotchbrook,Riviera,1993,Kendalrejo
69,Lammond,MacLardie,XF,2009,Fada N'gourma
70,Rorie,Cathel,Outback,2010,Toila
71,Grete,Staner,Silverado,2010,Catalão
72,Georgie,Bellfield,Altima,2013,Yanghu
73,Aundrea,Parzizek,RX-8,2004,Sukoanyar
74,Antoni,Edrich,Sonoma,2002,Obanazawa
75,Welbie,Skip,Windstar,2004,Kadubincarung
76,Marilee,Goodlatt,Journey,2010,Paris 13
77,Tabitha,Badham,Panamera,2012,Ryazhsk
78,Ervin,Wainer,Malibu Maxx,2006,Malian
79,Tootsie,Kerbey,Monte Carlo,1995,Baní
80,Charisse,Bamell,Silverado 3500,2012,Qishui
81,Sim,Sabater,XG350,2003,Blagoevgrad
82,Basia,Iggalden,MX-5,1991,Dolod
83,Lyle,Vint,5000CS,1987,Curuzú Cuatiá
84,Filippa,Tideswell,Aerostar,1986,Makrýgialos
85,Ulick,Godfroy,Touareg,2011,Paris 19
86,Jeane,Greschik,600SEL,1993,Bologna
87,Laurel,Bly,Colorado,2012,Houston
88,Raffarty,Houchen,LS,2000,Bulakgebang
89,Illa,Lonsdale,Dakota,2001,Kankan
90,Amalita,Hamelyn,Aurora,1999,Ozherel’ye
91,Erhart,Robke,Focus ST,2013,Puerto Guzmán
92,Rayner,Tate,LUV,1979,Tallinn
93,Tiffie,Mardling,Escape,2008,Pukou
94,Meredithe,Rafe,ES,2005,Pompano Beach
95,Dominica,Gilkison,V8,1994,Hamburg
96,Maia,Vater,Q,1994,Itumbiara
97,Geneva,Becerra,Safari,2001,Carcavelos
98,Adelaide,Meatyard,Continental GTC,2011,Nanxia
99,Egan,Jewel,Ram 2500 Club,1998,Mataguži
100,Harley,Guynemer,Canyon,2008,Adjumani
101,Susanne,Grabb,VS Commodore,1996,Prilep
102,Ella,Curm,Grand Caravan,2000,Diadema
103,Lynette,Deas,Th!nk,2002,Yamada
104,Evan,Gamell,Swift,1993,Vuka
105,Mata,Youel,MX-5,2004,Taposan
106,Tricia,Bosnell,Dakota,1997,Gamovo
107,Bernadette,Pleass,MX-5,2000,Lundo
108,Adair,Everett,F-Series,2008,Midland
109,Timoteo,Cordeau,S10 Blazer,1994,Ar Raqqah
110,Tricia,Callway,Durango,2006,Chatian
111,Elvera,Corbin,Vitara,2002,San Miguel
112,Brade,McEnery,Millenia,2002,Polo
113,Kara-lynn,Whittington,B-Series Plus,1992,Le Raincy
114,Hashim,Mogenot,Econoline E150,1993,Changlong
115,Brandise,Saket,Continental,1991,Tembilahan
116,Spense,Szubert,Z8,2000,Nsok
117,Happy,Methley,Suburban 1500,1998,Qili
118,Robin,Burdoun,98,1993,Quimistán
119,Clemmy,Teenan,Lynx,1985,Zhangpu
120,Berny,Pyrke,Aura,2008,Tejen
121,Vivien,Pont,Suburban 1500,1997,Līgatne
122,Veriee,Fonte,Caravan,1995,Jacareí
123,Gizela,Rosina,164,1992,Zabrat
124,Margaretta,Bussons,Swift,1993,Otradnaya
125,Corrianne,Beyn,Cutlass Supreme,1995,Burgkirchen
126,Roselin,Pelham,Continental GTC,2009,Quillo
127,Odele,Pauleit,Ram 3500,2007,Bárrio
128,Hilly,Boni,LTD,1986,Wuli
129,Robyn,Dobeson,XJ Series,2001,Metsovo
130,Natalina,Veazey,Explorer Sport Trac,2006,Barengkok
131,Eolanda,Roof,Echo,2003,Shuangxiqiao
132,Edith,Damrel,Vitara,2000,Paris 13
133,Yard,Giocannoni,Jetta,1987,Rawuk
134,Todd,Codling,400SEL,1993,Dong’an
135,Alva,Isaq,ES,1995,Krandil
136,Titos,Obispo,Scirocco,1985,Medang
137,Griffy,Moralas,T100,1998,Tanumshede
138,Anette,Hilling,Accord,2002,Liangcunchang
139,Devondra,Kilday,S60,2003,Cordova
140,Theo,Corley,Sedona,2010,Tengah
141,Earvin,Jakov,Escort,1997,Yulao
142,Bjorn,Chern,Leganza,1999,Pomahuaca
143,Herrick,McGiffin,Cayman,2006,Okazaki
144,Johannah,Yankeev,Amigo,1993,Kabakovo
145,Marna,Tather,XC90,2006,la Massana
146,Marcel,Vane,Integra,1992,Chengbei
147,Cally,Harkes,Grand Caravan,2004,Soacha
148,Dom,Caitlin,S40,2006,Shezhu
149,Manya,Hawkin,Continental Super,2011,Zaslawye
150,Claudetta,Eaken,6 Series,2006,Srono
151,Roger,MacAne,Caravan,1995,Červené Pečky
152,Dion,Yesson,Mustang,1985,Plottier
153,Tomas,Steanson,LS,2005,Piñahan
154,Roseline,Signorelli,3 Series,1995,Cherryville
155,Gayler,Studd,Firebird,1988,Pucara
156,Emili,Kencott,CR-Z,2012,Moutsamoudou
157,Barbie,Melby,Corvette,1962,Campo Maior
158,Winn,Toffolini,Highlander Hybrid,2007,Tashanta
159,Oby,Greatbatch,E150,2005,Haoguantun
160,Gabbi,Dobbison,Montero,1993,Belūsovka
161,Coleen,Livesley,Civic,2003,Prokuplje
162,Merill,Killford,RL,2005,Orleans
163,Ebony,Figura,100,1992,Puerto Cumarebo
164,Ive,Hehnke,LX,2005,Gorang
165,Rita,Fibbens,SLX,1998,Tagoloan
166,Allina,Lanfere,Continental Flying Spur,2012,Vila Nova
167,Brittany,Shackell,Exige,2010,Orizari
168,Tuck,Godsil,RX-7,1995,Buzdyak
169,Elka,Kelso,Riviera,1988,Bergem
170,Hall,Copin,Fifth Ave,1993,Allen
171,Parsifal,Cristofor,Q5,2009,Tiannan
172,Annabell,Aldins,9000,1990,Kirkland Lake
173,Morganica,Pandey,Escalade ESV,2011,Andramasina
174,Tammy,Iskower,MX-6,1990,Ibirité
175,Alon,Newborn,Regal,1997,Qingqu
176,Dari,Draayer,Defender 110,1993,Guanting
177,Jamie,Sulland,Suburban 2500,1998,Besançon
178,Verge,Trew,Savana 3500,2007,Santiago de María
179,Jacky,Ropartz,Savana 1500,2002,Barranqueras
180,Gunner,Kingzett,DeVille,2001,Galveias
181,Onfroi,Paliser,Avalon,2002,Śmiłowo
182,Mallissa,Porson,RX-7,1993,Pau
183,Cristy,Fragino,Escape,2013,Agía Paraskeví
184,Jami,Vowels,Impreza,2003,Ad Dabbah
185,Jessalyn,Worsalls,CLS-Class,2007,Sukarame
186,Maurits,De Freyne,1 Series,2011,Villeneuve-d'Ascq
187,Barrie,Bonsul,FX,2011,Tanda
188,Lou,Aymer,Boxster,2012,Chenzhou
189,Brandy,Tewnion,F-Series,1990,Bonga
190,Perice,Lyddiard,XR4Ti,1985,Troitskiy
191,Joyann,Frostdick,Civic,1997,Chuquitira
192,Britney,Cosser,Camry,2007,Makueni
193,Lindy,Muskett,Montero,1997,Lubowidz
194,Demetris,Dundin,Sentra,1999,Kadoma
195,Byrle,Jeanesson,i-350,2006,Montalegre
196,Moll,Tabram,Camaro,1998,Permas
197,Rudy,Lude,Roadmaster,1991,General Cabrera
198,Beck,Pollitt,Corvette,1957,Curry
199,Rutter,Tudhope,Rabbit,2009,Pasirbitung
200,Aldwin,Duffet,E350,2005,Kahnūj
201,Agneta,Handy,XK,2009,Tianchi
202,Ranna,Imason,Grand Prix,1973,Cihambali
203,Karolina,D'eath,Topaz,1984,El Arenal
204,Murdoch,Alesin,CX-9,2010,Lisičani
205,Brnaby,Rolse,Element,2009,Sekolan
206,Blondie,Surridge,Esprit,1992,Carepa
207,Dieter,Mation,Suburban 2500,1992,Umanggudang
208,Mercy,Liccardo,Mark LT,2006,Burla
209,Donia,Figgures,F450,2008,Chicago
210,Francis,Lytton,Impreza,1993,Nampula
211,Hubey,Poleykett,Sportage,2002,Gapyeong
212,Miran,Calloway,Civic,2002,Caicun
213,Paco,Ivashintsov,SRX,2012,Luoyuan
214,Marleah,Auguste,G,2008,Bar
215,Micaela,Loosley,E250,2006,Ciparakan
216,Sarge,Crossfield,Mazda3,2009,Balitai
217,Rasla,Allchorne,XJ Series,2002,Tomado
218,Faunie,Shark,Corolla,1992,Laohekou
219,Tremain,Quillinane,Sidekick,1991,Gaofeng
220,Janis,Uzelli,Tacoma Xtra,1995,Yuntan
221,Joana,Gerrey,X5,2013,Krajan Siki
222,Catha,Kilvington,Thunderbird,1996,Capandanan
223,Garrett,Hegg,GLK-Class,2011,El Carmen
224,Marguerite,Giberd,57S,2005,Eusébio
225,Arabela,Allflatt,Montero,1995,Ziniaré
226,Vivyanne,Bubbins,Cube,2010,Taradale
227,Mattias,Dugald,MX-6,1993,Secang Barat
228,Towny,Callister,TL,2008,Lycksele
229,Hunt,Pooly,Topaz,1991,Pallanchacra
230,Marja,Baumler,QX,2000,Darfield
231,Alick,Jore,300M,2004,Las Lomas
232,Sanford,Akker,Continental,2006,Hanover
233,Peg,Fraanchyonok,Frontier,2007,Kute
234,Nert,Ondracek,VS Commodore,1997,El Calvario
235,Moyna,Day,xD,2009,Tagakpan
236,Katrina,Vela,Versa,2007,Lila
237,Russ,Dibley,QX56,2012,Al Madīd
238,Adey,Parsley,Cutlass Supreme,1996,Dama
239,Auroora,Doig,Miata MX-5,1994,Louisville
240,Louis,Dilley,Clubman,2008,Ujung
241,Ailey,Philpotts,Diamante,1993,Tylicz
242,Saraann,Goodchild,LS,2000,San Isidro
243,Yvor,Haskett,929,1991,Villanueva
244,Edsel,Andrivot,Elantra,1993,Al Qurḩ
245,Bevon,Tingly,Clubman,2009,Józefów
246,Vite,Lumber,Topaz,1985,Barajalan
247,Dillon,Starten,200SX,1997,Yiqi
248,Chiquia,Trude,Elantra,1995,Xinan
249,Chucho,Kean,Discovery,2001,Fundão
250,Luce,Ainscough,Cherokee,1999,Liuzhi
